/mnt/corpora/sri_gabon/tdf/afc-gabon_16.06.11_002_conv_0023.tdf	bonjour je voudrais voir un docteur
/mnt/corpora/sri_gabon/tdf/afc-gabon_16.06.11_002_conv_0025.tdf	celà fait trois jours euh j' ai joué au foot je suis j' ai trébuché et puis je suis tombé je me suis blessé là j' ai pris quelques anti-inflamatoires mais je me sens de plus en plus mal
/mnt/corpora/sri_gabon/tdf/afc-gabon_16.06.11_002_conv_0026.tdf	j' ai pris du diclofenac
/mnt/corpora/sri_gabon/tdf/afc-gabon_16.06.11_002_conv_0030.tdf	j' ai cru que c' était juste une écorchure et puis là c' est je le sens mal aux os apparemment j' ai une fracture
/mnt/corpora/sri_gabon/tdf/afc-gabon_16.06.11_014_conv_0078.tdf	oui monsieur il y a pas de problème
/mnt/corpora/sri_gabon/tdf/afc-gabon_16.06.11_016_conv_0233.tdf	où êtes-vous
/mnt/corpora/sri_gabon/tdf/afc-gabon_16.06.11_016_conv_0235.tdf	il y a-t' il un temps opportun
/mnt/corpora/sri_gabon/tdf/afc-gabon_16.06.12_017_conv_0056.tdf	bonjour monsieur
/mnt/corpora/sri_gabon/tdf/afc-gabon_16.06.12_017_conv_0059.tdf	je vous ai dit que je travaille dans un bureau de recensement et nous sommes en train de faire euh la le un recensement démographique
/mnt/corpora/sri_gabon/tdf/afc-gabon_16.06.12_017_conv_0061.tdf	infirmier et votre femme vous avez quel âge votre femme a quel âge vous avez vos enfants ont quel âge s' il vous plaît
/mnt/corpora/sri_gabon/tdf/afc-gabon_16.06.12_017_conv_0067.tdf	je vais très bien monsieur merci et vous
/mnt/corpora/sri_gabon/tdf/afc-gabon_16.06.12_017_conv_0081.tdf	oui monsieur
/mnt/corpora/sri_gabon/tdf/afc-gabon_16.06.12_017_conv_0082.tdf	ma femme est infirmière
/mnt/corpora/sri_gabon/tdf/afc-gabon_16.06.12_017_conv_0083.tdf	ah oui parfois
/mnt/corpora/sri_gabon/tdf/afc-gabon_16.06.12_018_conv_0064.tdf	euh j' ai vu le match de la de la france
/mnt/corpora/sri_gabon/tdf/afc-gabon_16.06.12_018_conv_0065.tdf	effectivement on parlait de de favori je comptais beaucoup plus sur l' angleterre mais le match qu' ils ont joué euh le douze juin deux mille seize vraiment ce ce match s' est soldé un but partout et l' angleterre pour lui c' était comme une défaite donc ça ne commence pas très bien avec le favori
/mnt/corpora/sri_gabon/tdf/afc-gabon_16.06.12_018_conv_0066.tdf	ce que j' ai constaté sur l' équipe de la france c' est que une fois qu' ils marquent le but ils ne tiennent plus bien en défense on parvient toujours à égaliser le plus tôt possible c' est là si l' entraîneur ne voit pas bien ce côté c' est qu' ils n' iront pas loin sur l' euros
/mnt/corpora/sri_gabon/tdf/afc-gabon_16.06.12_018_conv_0067.tdf	mais sinon je souhaiterais voir la france en finale
/mnt/corpora/sri_gabon/tdf/afc-gabon_16.06.12_018_conv_0068.tdf	bon sinon vraiment j' ai apprécié la technique utilisée par la russie s' ils continuent ainsi je pense qu' ils iront loin dans l' euro
/mnt/corpora/sri_gabon/tdf/afc-gabon_16.06.12_018_conv_0069.tdf	effectivement l' avenir nous dira le football c' est sur le terrain
/mnt/corpora/sri_gabon/tdf/afc-gabon_16.06.12_018_conv_0071.tdf	c' est notre souhait si il y avait vraiment ces écrans aux temps aux moments de détente on pourrait aussi se distraire voilà mais on va suivre à la radio en attendant
/mnt/corpora/sri_gabon/tdf/afc-gabon_16.06.12_018_conv_0072.tdf	merci
/mnt/corpora/sri_gabon/tdf/afc-gabon_16.06.12_019_conv_0057.tdf	oui je suis le chef de maison et le recensement a quel but s' il vous plaît
/mnt/corpora/sri_gabon/tdf/afc-gabon_16.06.12_019_conv_0061.tdf	je suis infirmier
/mnt/corpora/sri_gabon/tdf/afc-gabon_16.06.12_019_conv_0066.tdf	si elle travaille elle est policière
/mnt/corpora/sri_gabon/tdf/afc-gabon_16.06.12_019_conv_0070.tdf	 euh boujour monsieur
/mnt/corpora/sri_gabon/tdf/afc-gabon_16.06.12_019_conv_0072.tdf	ça va ça va très bien
/mnt/corpora/sri_gabon/tdf/afc-gabon_16.06.12_019_conv_0075.tdf	vous vous avez quatre enfants ils ont quel âge vos enfants
/mnt/corpora/sri_gabon/tdf/afc-gabon_16.06.12_019_conv_0087.tdf	euh est-ce à l' université
/mnt/corpora/sri_gabon/tdf/afc-gabon_16.06.12_019_conv_0091.tdf	allez vous soigner à la maison
/mnt/corpora/sri_gabon/tdf/afc-gabon_16.06.12_021_conv_0110.tdf	depuis que le l' euro a commencé est-ce que tu as déjà tu as déjà vu combien de matches
/mnt/corpora/sri_gabon/tdf/afc-gabon_16.06.12_021_conv_0111.tdf	pour l' instant je ne vois pas beaucoup de favoris qui se dégagent hein euh lors des éliminatoires il y a quand même des équipes qui se sont bien distinguées mais ces choses là on ne sait jamais c' est souvent lors des compétitions que ça les équipes se révèlent
/mnt/corpora/sri_gabon/tdf/afc-gabon_16.06.12_021_conv_0114.tdf	c' est vrai qu' ils ont ils connaissent beaucoup de soucis en défense avec notamment les défections qu' ils ont eu pour cause de blessures la charniere centrale a été pratiquement reconstituée parce que ceux qui avait l' habitude de jouer ensemble les gars comme varenne comme ça ont été blessés donc ça fait que ce sera c' est un peu difficile pour eux de s' en sortir
/mnt/corpora/sri_gabon/tdf/afc-gabon_16.06.12_021_conv_0116.tdf	les russes sont souvent très forts c' est parfois il n' ont pas trop d' individualité mais ils ont souvent un mental assez élevé pour allez très loin donc ils sont très forts dans la tête et c' est ça leur point fort y peuvent vraiment faire mal parce que personne n' aurait imaginé qu' ils allaient tenir tête à la grande-bretagne
/mnt/corpora/sri_gabon/tdf/afc-gabon_16.06.12_021_conv_0117.tdf	effectivement c' est sur le terrain mais cet euro risque de nous réserver beaucoup de surprises parce qu' il y des petit
/mnt/corpora/sri_gabon/tdf/afc-gabon_16.06.12_021_conv_0118.tdf	là qui qui sont vraiment très en jambes donc de toutes les façons comme ici ont n' a même pas la possibilité de regarder les matches ce sera difficile pour nous de suivre cette compétition jusqu' au bout
/mnt/corpora/sri_gabon/tdf/afc-gabon_16.06.12_021_conv_0120.tdf	bon on fait comme ça alors
/mnt/corpora/sri_gabon/tdf/afc-gabon_16.06.12_022_conv_0114.tdf	le premier il a onze ans le deuxième il a huit ans le
/mnt/corpora/sri_gabon/tdf/afc-gabon_16.06.12_023_conv_0130.tdf	bonjour
/mnt/corpora/sri_gabon/tdf/afc-gabon_16.06.12_023_conv_0131.tdf	je suis un homme marié chef de famille
/mnt/corpora/sri_gabon/tdf/afc-gabon_16.06.12_023_conv_0133.tdf	je me prénomme jean
/mnt/corpora/sri_gabon/tdf/afc-gabon_16.06.12_023_conv_0134.tdf	ma famille ma famille est composée non mais de quatre non mais de quatre personnes euh ma fille de huit ans mon garçon de sept ans et ma femme de vingt neuf ans et moi-même et moi-même de trente six ans euh je suis je suis un fonctionnaire et ma femme est ménagère et mes enfants sont scolarisés
/mnt/corpora/sri_gabon/tdf/afc-gabon_16.06.12_023_conv_0135.tdf	euh non euh euh les parents de ma femme euh ne vivent pas dans la même maison que nous
/mnt/corpora/sri_gabon/tdf/afc-gabon_16.06.12_023_conv_0136.tdf	euh euh je vis euh dans un quartier nommé okala
/mnt/corpora/sri_gabon/tdf/afc-gabon_16.06.12_023_conv_0137.tdf	euh mon plus haut niveau d' étude c' est l' université euh euh je l' ai fréquenté de deux mille quatre à deux mille huit et le plus haut niveau d' étude de ma femme c' est l' université également euh euh elle l' a fréquentée de deux mille huit à deux mille douze et mon fils mon fils c' est un écolier et ma fille elle est également écolier écolière au primaire
/mnt/corpora/sri_gabon/tdf/afc-gabon_16.06.12_023_conv_0139.tdf	euh en ce moment je suis professeur de science
/mnt/corpora/sri_gabon/tdf/afc-gabon_16.06.12_023_conv_0141.tdf	euh c' était euh c' étais euh derrière c' étais au ministère du travail
/mnt/corpora/sri_gabon/tdf/afc-gabon_16.06.12_025_conv_0128.tdf	bonjour madame
/mnt/corpora/sri_gabon/tdf/afc-gabon_16.06.12_025_conv_0130.tdf	c' est de nos familles si vous pouvez bien être dans ce ça me ferait plaisir
/mnt/corpora/sri_gabon/tdf/afc-gabon_16.06.12_027_conv_0109.tdf	euh qui êtes-vous
/mnt/corpora/sri_gabon/tdf/afc-gabon_16.06.12_027_conv_0114.tdf	euh parlez-moi un peu de votre famille s' il vous plaît
/mnt/corpora/sri_gabon/tdf/afc-gabon_16.06.12_027_conv_0116.tdf	où vivez-vous
/mnt/corpora/sri_gabon/tdf/afc-gabon_16.06.12_027_conv_0117.tdf	euh pourais-je savoir votre votre plus haut niveau d' étude et les établissements que vous avez fréquentés la date de scolarisation l' étude de la mère hein et l' éducation de vos enfants j' aimerais savoir
/mnt/corpora/sri_gabon/tdf/afc-gabon_16.06.12_027_conv_0126.tdf	ok à bientôt monsieur
/mnt/corpora/sri_gabon/tdf/afc-gabon_16.06.13_030_conv_0241.tdf	et qui ont captivé mon cœur
/mnt/corpora/sri_gabon/tdf/afc-gabon_16.06.13_030_conv_0255.tdf	face au au type de menace boko haram la gendarmerie et la police ont mis en place un système pour éradiquer ce phénomène de boko haram dans la dans toute la région
/mnt/corpora/sri_gabon/tdf/afc-gabon_16.06.13_030_conv_0266.tdf	oui euh les gendarmes ont beaucoup d' expérience en ce qui concerne euh le travail de tous les jours
/mnt/corpora/sri_gabon/tdf/afc-gabon_16.06.13_030_conv_0276.tdf	euh je suis euh situé à owendo qui est est dans le sud euh de libreville voilà
/mnt/corpora/sri_gabon/tdf/afc-gabon_16.06.13_031_conv_0139.tdf	celà
/mnt/corpora/sri_gabon/tdf/afc-gabon_16.06.13_031_conv_0153.tdf	on fait la fête partout
/mnt/corpora/sri_gabon/tdf/afc-gabon_16.06.13_031_conv_0166.tdf	bon ici euh c' est une plaque tournante on mange de tout ic
/mnt/corpora/sri_gabon/tdf/afc-gabon_16.06.13_031_conv_0173.tdf	on mange ça
/mnt/corpora/sri_gabon/tdf/afc-gabon_16.06.13_031_conv_0176.tdf	on pile
/mnt/corpora/sri_gabon/tdf/afc-gabon_16.06.13_031_conv_0184.tdf	alors ça
/mnt/corpora/sri_gabon/tdf/afc-gabon_16.06.13_031_conv_0198.tdf	qui est tout petit
/mnt/corpora/sri_gabon/tdf/afc-gabon_16.06.13_031_conv_0222.tdf	plat de sanglier
/mnt/corpora/sri_gabon/tdf/afc-gabon_16.06.13_031_conv_0228.tdf	tous les seuls qui viennent ils y retournent
/mnt/corpora/sri_gabon/tdf/afc-gabon_16.06.13_031_conv_0244.tdf	tous les seuls qui viennent ils s' y retournent
/mnt/corpora/sri_gabon/tdf/afc-gabon_16.06.13_031_conv_0272.tdf	alors moui là
/mnt/corpora/sri_gabon/tdf/afc-gabon_16.06.13_031_conv_0303.tdf	c' est ça notre culture
/mnt/corpora/sri_gabon/tdf/afc-gabon_16.06.13_031_conv_0344.tdf	on va négocier
/mnt/corpora/sri_gabon/tdf/afc-gabon_16.06.13_031_conv_0356.tdf	il est bien
/mnt/corpora/sri_gabon/tdf/afc-gabon_16.06.13_031_conv_0357.tdf	parce que si on connaît toujours tout tout tout
/mnt/corpora/sri_gabon/tdf/afc-gabon_16.06.14_032_conv_0123.tdf	merci bonjour aussi monsieur
/mnt/corpora/sri_gabon/tdf/afc-gabon_16.06.14_033_conv_0261.tdf	qui est-il c' est votre père
/mnt/corpora/sri_gabon/tdf/afc-gabon_16.06.14_033_conv_0263.tdf	a dejà a-t-il déjà eu un problème médical avant
/mnt/corpora/sri_gabon/tdf/afc-gabon_16.06.14_033_conv_0266.tdf	tenez la tête avec vos deux bras
/mnt/corpora/sri_gabon/tdf/afc-gabon_16.06.14_033_conv_0268.tdf	retournons-le légèrement sur le côté
/mnt/corpora/sri_gabon/tdf/afc-gabon_16.06.14_033_conv_0271.tdf	appelons les secours
/mnt/corpora/sri_gabon/tdf/afc-gabon_16.06.14_034_conv_0434.tdf	euh oui bonjour monsieur non non non je suis l' assistant du médecin oui bien sûr
/mnt/corpora/sri_gabon/tdf/afc-gabon_16.06.14_034_conv_0435.tdf	oui quel est votre nom
/mnt/corpora/sri_gabon/tdf/afc-gabon_16.06.14_034_conv_0436.tdf	pouvez-vous mesurer l' intensité de la douleur
/mnt/corpora/sri_gabon/tdf/afc-gabon_16.06.14_034_conv_0440.tdf	mais nous ne nous ne pouvons pas vous traiter si vous nous ne savons pas réellement si il y a eu fracture ou pas avant de vous traiter il faut qu' on sache réellement quel est le problème il ne pouvons procéder qu' à une radio
/mnt/corpora/sri_gabon/tdf/afc-gabon_16.06.14_034_conv_0442.tdf	dans un premier temps en tant qu' agent de santé je vais commencer par prendre la température parce que le patient se sent mal je vais commencer à palper l' aspect des yeux je vais regarder les yeux pour voir s' il n' a pas un problème au niveau de la pupille je vais toucher le patient pour savoir s' il n' a pas mal au niveau du corps au niveau des articulations et éventuellement je vais si j' ai les moyens de pouvoir placer une perfusion je vais placer une perfusion
/mnt/corpora/sri_gabon/tdf/afc-gabon_16.06.14_034_conv_0443.tdf	qu' est ce qu' il a votre papa
/mnt/corpora/sri_gabon/tdf/afc-gabon_16.06.14_034_conv_0445.tdf	bonjour papa qu' est-ce que vous avez
/mnt/corpora/sri_gabon/tdf/afc-gabon_16.06.14_034_conv_0446.tdf	ok
/mnt/corpora/sri_gabon/tdf/afc-gabon_16.06.14_034_conv_0451.tdf	faites un sac pour changer certainement ses habits parce que nous allons l' évacuer du côté de la ville euh et moi je vais simplement ce que je vais faire c' est d' appeler l' hélicoptère
/mnt/corpora/sri_gabon/tdf/afc-gabon_16.06.14_034_conv_0454.tdf	le trajet nous prendra au moins dix minutes par là et vous prenez un véhicule qui va vous emmener vers l' hôpital militaire des armées
/mnt/corpora/sri_gabon/tdf/afc-gabon_16.06.14_034_conv_0455.tdf	vous pouvez venir avec votre oncle mais éventuellement vous n' allez pas rentrer à l' instant pour voir votre père parce qu' il est au service des urgences et on n' entre pas facilement au service des urgences
/mnt/corpora/sri_gabon/tdf/afc-gabon_16.06.14_034_conv_0456.tdf	on va d' abord euh essayer d' évaluer l' état du patient et lorsque nous allons emmener le patient dans une chambre hors des urgences notamment vous pourrez maintenant procéder aux visites
/mnt/corpora/sri_gabon/tdf/afc-gabon_16.06.14_034_conv_0459.tdf	pas d' alcool le traitement
/mnt/corpora/sri_gabon/tdf/afc-gabon_16.06.14_034_conv_0460.tdf	je suis soldat depuis deux mille trois après avoir suivi une formation au centre d' instruction des armées de
/mnt/corpora/sri_gabon/tdf/afc-gabon_16.06.14_034_conv_0462.tdf	je suivais mes cours je faisais l' école
/mnt/corpora/sri_gabon/tdf/afc-gabon_16.06.14_034_conv_0466.tdf	 choisi la santé parce que j' aime me sentir plus proche des gens j' aime pas voir les gens souffrir et j' aime faire du bien
/mnt/corpora/sri_gabon/tdf/afc-gabon_16.06.14_034_conv_0468.tdf	il y a eu des changements de galons il y a eu des stages aussi j' ai bénéficié de plusieurs stages notamment un stage euh concernant le paludisme j' ai bénéficié d' un stage euh sur l' apprentissage des moustiquaires imprégnées comment imprégner une moustiquaire j' ai bénéficié d' un stage euh de combat j' ai bénéficié d' un stage euh en hélico notamment comment faire monter un patient dans l' hélicoptère comment le traiter dans l' hélicoptère comment faire descendre un patient de l' hélicoptère
/mnt/corpora/sri_gabon/tdf/afc-gabon_16.06.14_034_conv_0471.tdf	simplement placer un glucosé soit installer un soluté soit euh un glucosé cinq euh cinq pour cent et puis ça dépend de l' état du patient
/mnt/corpora/sri_gabon/tdf/afc-gabon_16.06.14_034_conv_0472.tdf	glucosé et salé
/mnt/corpora/sri_gabon/tdf/afc-gabon_16.06.14_034_conv_0478.tdf	peut-être pas militaire mais continuer dans la carrière de santé
/mnt/corpora/sri_gabon/tdf/afc-gabon_16.06.14_036_conv_0124.tdf	bonjour monsieur l' agent
/mnt/corpora/sri_gabon/tdf/afc-gabon_16.06.14_036_conv_0127.tdf	après le boulot qu' est-ce que vous faites souvent l' habitude
/mnt/corpora/sri_gabon/tdf/afc-gabon_16.06.14_036_conv_0131.tdf	vous vous sentez bien dans ce travail-là
/mnt/corpora/sri_gabon/tdf/afc-gabon_16.06.14_037_conv_0090.tdf	j' adore le football quand j' étais jeune je jouais au football quand j' avais vingt ans je jouais au football
/mnt/corpora/sri_gabon/tdf/afc-gabon_16.06.14_037_conv_0091.tdf	en ce moment là je travaille je suis chauffeur
/mnt/corpora/sri_gabon/tdf/afc-gabon_16.06.14_037_conv_0092.tdf	j' apprécie mon travail je suis toujours à l' heure à mon boulot et j' apprécie ce travail là j' ai aimé ce travail je l' apprécie
/mnt/corpora/sri_gabon/tdf/afc-gabon_16.06.14_038_conv_0356.tdf	d' accord est ce qu' il y a autre chose euh que vous avez à dire par rapport à à votre euh par rapport à votre travail en ce moment
/mnt/corpora/sri_gabon/tdf/afc-gabon_16.06.14_038_conv_0358.tdf	à quelle heure vous arrivez au au travail et à quelle heure vous terminez
/mnt/corpora/sri_gabon/tdf/afc-gabon_16.06.14_038_conv_0360.tdf	est-ce que la communication passe avec les les les gens que vous transportez
/mnt/corpora/sri_gabon/tdf/afc-gabon_16.06.14_038_conv_0362.tdf	en fait ici on pose des questions pour savoir si il y a un problème par rapport à à la mission qui nous a été confiée
/mnt/corpora/sri_gabon/tdf/afc-gabon_16.06.14_040_conv_0431.tdf	oui dis-moi tu vas sortir quand t' envoyer quand à quelle heure exactement pour ta prochaine course
/mnt/corpora/sri_gabon/tdf/afc-gabon_16.06.14_043_conv_0428.tdf	très bien et vous
/mnt/corpora/sri_gabon/tdf/afc-gabon_16.06.14_044_conv_0411.tdf	ça va très bien
/mnt/corpora/sri_gabon/tdf/afc-gabon_16.06.14_044_conv_0412.tdf	je viens du gabon
/mnt/corpora/sri_gabon/tdf/afc-gabon_16.06.14_044_conv_0414.tdf	d' accord moi je viens de libreville
/mnt/corpora/sri_gabon/tdf/afc-gabon_16.06.14_044_conv_0415.tdf	j' aime euh beaucoup la distraction le football le cinéma et même la cuisine de temps en temps
/mnt/corpora/sri_gabon/tdf/afc-gabon_16.06.14_044_conv_0417.tdf	je pratique euh bon je joue au football
/mnt/corpora/sri_gabon/tdf/afc-gabon_16.06.14_044_conv_0418.tdf	je joue deux fois par semaine chaque mardi et chaque jeudi
/mnt/corpora/sri_gabon/tdf/afc-gabon_16.06.14_044_conv_0419.tdf	avec des amis de temps en temps on joue au football
/mnt/corpora/sri_gabon/tdf/afc-gabon_16.06.14_044_conv_0420.tdf	euh j' habite à libreville depuis ma naissance
/mnt/corpora/sri_gabon/tdf/afc-gabon_16.06.14_044_conv_0427.tdf	l' équipe préférée c' est marseille l' olympique de marseille
/mnt/corpora/sri_gabon/tdf/afc-gabon_16.06.14_044_conv_0431.tdf	ok merci beaucoup
/mnt/corpora/sri_gabon/tdf/afc-gabon_16.06.15_046_conv_0274.tdf	bonjour
/mnt/corpora/sri_gabon/tdf/afc-gabon_16.06.15_046_conv_0275.tdf	comment ça va
/mnt/corpora/sri_gabon/tdf/afc-gabon_16.06.15_046_conv_0278.tdf	et la population américaine est-ce qu' elle est cordiale est-ce que elle est chaleureuse comment tu trouves l' ambiance avec les militaires
/mnt/corpora/sri_gabon/tdf/afc-gabon_16.06.15_046_conv_0285.tdf	et la route elle est bonne
/mnt/corpora/sri_gabon/tdf/afc-gabon_16.06.15_046_conv_0286.tdf	ça dérape pas quand il pleut pas la saison sèche et est-ce que elle est bonne ou bien elle est mieux que quand on est en saison de pluies
/mnt/corpora/sri_gabon/tdf/afc-gabon_16.06.15_046_conv_0288.tdf	mais à part ça la voiture euh ta voiture n' a pas de problème tu roules tranquillement dans les embouteillages comment vous faites
/mnt/corpora/sri_gabon/tdf/afc-gabon_16.06.15_046_conv_0291.tdf	à l' aéroport d' arrivée
/mnt/corpora/sri_gabon/tdf/afc-gabon_16.06.15_046_conv_0293.tdf	euh il y a pas un petit mouvement après aller boire avec des amis
/mnt/corpora/sri_gabon/tdf/afc-gabon_16.06.15_046_conv_0303.tdf	pourquoi
/mnt/corpora/sri_gabon/tdf/afc-gabon_16.06.15_046_conv_0317.tdf	aujourd' hui je suis sous-officier supérieur je suis adjudant ouais j' ai à peine je suis dans ma première année d' adjudant hein
/mnt/corpora/sri_gabon/tdf/afc-gabon_16.06.15_046_conv_0320.tdf	cas si je ne fais pas ça je peux endommager l' appareil si je met les le kérozène avec les impuretés je peux gaspiller l' appareil ou euh tuer le personnel avié- euh qui sera à bord c' est un peu ça ma spécialité
/mnt/corpora/sri_gabon/tdf/afc-gabon_16.06.15_046_conv_0322.tdf	après cinq ans on renouvelait le contrat et l' armée gabonaise s' est rendue compte que ils nous formaient à des centaines et millions parfois et quand on avait des spécialités on s' en allait eux ils n' étaient pas gagnant
/mnt/corpora/sri_gabon/tdf/afc-gabon_16.06.15_049_conv_0445.tdf	je suis monsieur jappa un homme marié chef de famille
/mnt/corpora/sri_gabon/tdf/afc-gabon_16.06.15_049_conv_0455.tdf	service spécialement hein travaillez-vous
/mnt/corpora/sri_gabon/tdf/afc-gabon_16.06.15_051_conv_0302.tdf	comment allez-vous
/mnt/corpora/sri_gabon/tdf/afc-gabon_16.06.15_051_conv_0307.tdf	euh c' est vrai c' est vrai je vois que tout se passe dans l' engouement et puis et tout et comment vous en pensez tout à fait comment il il se déroule par rapport à le prestations qui se passent devant vous
/mnt/corpora/sri_gabon/tdf/afc-gabon_16.06.15_051_conv_0308.tdf	là ça veut dire que vous appréciez vous approuver
/mnt/corpora/sri_gabon/tdf/afc-gabon_16.06.15_051_conv_0311.tdf	oui moi à mon niveau apparemment tout se passe bien et tout est organisé et au niveau de la restauration c' est bien et au niveau des véhicules c' est bien c' est bien et il fait il y a beaucoup d' air et il fait bien frais le temps surtout le climat il est bon oui tout se passe dans les normes et en tout cas tout va à merveille tout va à merveille tout va à merveille
/mnt/corpora/sri_gabon/tdf/afc-gabon_16.06.15_051_conv_0313.tdf	oui ben moi personnellement euh beaucoup moi personnellement beaucoup parce que euh ils sont sympas ils sont sympas ils sont courtois euh euh oui ils ne sont pas racistes avec nous ils ont parlent bien ont s' échangent euh quand quand regardez la peau de tout un chacun en tout et puis si du moment déjà ont mangent ensemble ont partagent des plats nous sommes là sur la sur la même table ça veut dire que ça va
/mnt/corpora/sri_gabon/tdf/afc-gabon_16.06.15_051_conv_0315.tdf	oui c' est ça que j' ai dit c' est ça que je sentais vouloir vous expliquer que euh au niveau de la restauration le matin il y a une heure si vous arrivez et que pendant que vous arrivez vous n' avez rien à faire euh vous pouvez vous restaurer ça dépend aussi parce que euh nous sommes des chauffeurs et puis tout ça et et ça te dira quelqu' un qui aura envie de sortir il n' aura pas la possibilité de manger et par contre à midi euh ça va pourquoi parce que euh euh si à midi par contre si si vous arrivez si vous n' êtes pas dehors si vous arrivez à plus de midi il est treize heure là-bas aussi ils auront déjà tout barrés ben écoute parce que il commence à servir à partir d' onze trente onze heure trente je pense treize heure trente donc si vous arrivez à plus de ses heures-là vous aurez pas affaire à la restauration dans la soirée aussi je pense c' est dès dix huit heure trente à vingt heure trente
/mnt/corpora/sri_gabon/tdf/afc-gabon_16.06.15_052_conv_0137.tdf	ah ça va
/mnt/corpora/sri_gabon/tdf/afc-gabon_16.06.15_052_conv_0147.tdf	sûr elle est bonne
/mnt/corpora/sri_gabon/tdf/afc-gabon_16.06.15_052_conv_0148.tdf	excusez-moi encore d' être un peu curieux bin comment vous avez vu le comportement des de ces américains est-ce qu' ils sont bien avez vous est-ce qu' ils sont sympa euh est-ce que ça vous arrange qu' ils soient parmi nous au gabon
/mnt/corpora/sri_gabon/tdf/afc-gabon_16.06.15_054_conv_0480.tdf	ouais bonjour
/mnt/corpora/sri_gabon/tdf/afc-gabon_16.06.15_054_conv_0483.tdf	on je trouve ça bien ils ont bien nettoyé là-bas ils ont tout déblayé c' est bon
/mnt/corpora/sri_gabon/tdf/afc-gabon_16.06.15_054_conv_0489.tdf	oui oui c' est ça que nous sommes nous sommes assez là
/mnt/corpora/sri_gabon/tdf/afc-gabon_16.06.15_054_conv_0497.tdf	bon mais le secret c' est bien que fini si tu rentres directement dormir si tu traînes encore forcément le matin tu attrappe la fatigue
/mnt/corpora/sri_gabon/tdf/afc-gabon_16.06.15_055_conv_0542.tdf	qui êtes vous
/mnt/corpora/sri_gabon/tdf/afc-gabon_16.06.15_055_conv_0544.tdf	vous faites partie d' une équipe de trois hommes qui se dirige vers une mission et frappe à sa porte dans le but de recueillir des données de recensement
/mnt/corpora/sri_gabon/tdf/afc-gabon_16.06.15_055_conv_0545.tdf	qui êtes-vous
/mnt/corpora/sri_gabon/tdf/afc-gabon_16.06.15_055_conv_0551.tdf	moi je suis infirmier
/mnt/corpora/sri_gabon/tdf/afc-gabon_16.06.15_055_conv_0552.tdf	je suis infirmier depuis neuf ans
/mnt/corpora/sri_gabon/tdf/afc-gabon_16.06.15_057_conv_0354.tdf	euh je regarde bien le football j' aime bien euh mon équipe préférée c' est le real de madrid euh c' est tout récemment depuis que zidane est devenu entraîneur de real de madrid euh j' aime bien parce que zidane a toujours été mon meilleur joueur et depuis qu' il est entraîneur illico je supporte real de madrid et même que récemment ont a gagné la champion suliga euh contre euh acetico voilà
/mnt/corpora/sri_gabon/tdf/afc-gabon_16.06.15_057_conv_0360.tdf	bonjour je vais très bien merci euh pas exactement de libreville de normalement je suis euh de tchibanga je suis à libreville pour des raisons professionnelles euh je suis normalement euh ingénieur géologue euh mais j' ai d' autres euh atouts comme par exemple le fait que je parle l' anglais couramment ça me donne de travailler ici en tant qu' interprète quoique n' étant pas interprète à la base je suis normalement ingénieur géologue
/mnt/corpora/sri_gabon/tdf/afc-gabon_16.06.15_057_conv_0365.tdf	alors lorque j' étais jeune je trouvais que dans mon enfance j' étais beaucoup euh maladif euh c' étais un peu normal dans l' environnement dans lequel j' étais euh les piqûres de moustiques et toutes ces choses là ça me rendait un peu maladif mais je n' ai pas connu des cas de maladies graves ou bien particulières juste des fièvres euh à répétition mais rien de bien grave voilà
/mnt/corpora/sri_gabon/tdf/afc-gabon_16.06.15_059_conv_0454.tdf	euh c' est que un reçu
/mnt/corpora/sri_gabon/tdf/afc-gabon_16.06.15_059_conv_0455.tdf	reçu merci communication terminée
/mnt/corpora/sri_gabon/tdf/afc-gabon_16.06.15_061_conv_0540.tdf	je suis un sud-américain nommé crom
/mnt/corpora/sri_gabon/tdf/afc-gabon_16.06.15_061_conv_0541.tdf	oui monsieur je suis euh nous sommes là pour un recensement médical
/mnt/corpora/sri_gabon/tdf/afc-gabon_16.06.15_061_conv_0544.tdf	d' accord euh hormis euh la fièvre et les maux de gorge vous avez encore d' autres douleurs quelque part
/mnt/corpora/sri_gabon/tdf/afc-gabon_16.06.15_061_conv_0545.tdf	vous avez commencer à ressentir ses ses symptômes depuis quand combien de jours
/mnt/corpora/sri_gabon/tdf/afc-gabon_16.06.15_062_conv_0636.tdf	d' abord euh sécuriser la population au départ les mettre en confiance
/mnt/corpora/sri_gabon/tdf/afc-gabon_16.06.15_062_conv_0641.tdf	c' est que un ici c' est que deux position nous sommes euh à la base de l' onu parlez
/mnt/corpora/sri_gabon/tdf/afc-gabon_16.06.15_062_conv_0642.tdf	bien reçu du côté d' angondjé à peu près dans combien de temps parlez
/mnt/corpora/sri_gabon/tdf/afc-gabon_16.06.15_062_conv_0643.tdf	en serre-file et en tête c' est que un en tête ou c' est que deux serre-file parlez
/mnt/corpora/sri_gabon/tdf/afc-gabon_16.06.15_062_conv_0646.tdf	groupe alpha groupe alpha ici euh groupe bravo
/mnt/corpora/sri_gabon/tdf/afc-gabon_16.06.15_062_conv_0647.tdf	sécu un en avant sécu deux serre-file bon nous allons faire mouvement du côté d' ayémé euh distance les véhicules donc l' intervalle trois mètres vigilance absolue vous préparez nous allons partir à l' arrivée protection des véhicules des autorités
/mnt/corpora/sri_gabon/tdf/afc-gabon_16.06.15_064_conv_0404.tdf	non je suis de woleu-ntem
/mnt/corpora/sri_gabon/tdf/afc-gabon_16.06.15_064_conv_0405.tdf	c' est le franc
/mnt/corpora/sri_gabon/tdf/afc-gabon_16.06.15_064_conv_0408.tdf	euh j' aime bien les feuilletons les séries télévisées les séries brésiliennes
/mnt/corpora/sri_gabon/tdf/afc-gabon_16.06.15_064_conv_0417.tdf	bon après le travail euh j' aime bien regarder la télé ou le sport j' aime le sport
/mnt/corpora/sri_gabon/tdf/afc-gabon_16.06.17_087_conv_0782.tdf	co co co
/mnt/corpora/sri_gabon/tdf/afc-gabon_16.06.17_087_conv_0786.tdf	merci nous sommes des agents du renseignement nous voulons évaluer le nombre de la population que nous avons dans notre pays c' est pourquoi nous sommes là pour euh ses renseignements
/mnt/corpora/sri_gabon/tdf/afc-gabon_16.06.17_087_conv_0787.tdf	j' aimerais savoir si vous êtes le chef de famille de cette maison
/mnt/corpora/sri_gabon/tdf/afc-gabon_16.06.17_087_conv_0788.tdf	quelle âge avez-vous
/mnt/corpora/sri_gabon/tdf/afc-gabon_16.06.17_087_conv_0790.tdf	combien de filles et combien de garçons avez-vous
/mnt/corpora/sri_gabon/tdf/afc-gabon_16.06.17_087_conv_0791.tdf	et le plus aîné a quelle âge
/mnt/corpora/sri_gabon/tdf/afc-gabon_16.06.17_087_conv_0796.tdf	quel emploi a votre mari
/mnt/corpora/sri_gabon/tdf/afc-gabon_16.06.17_087_conv_0797.tdf	êtes-vous marié ou bien vous vivez en concubinage
/mnt/corpora/sri_gabon/tdf/afc-gabon_16.06.17_087_conv_0800.tdf	ok c' est sont ses informations dont nous avons besoin vraiment nous allons de porte en porte comme je disais tout à l' heure c' est pour recueillir un peu ce genre des informations qui vont nous être utile plus tard
/mnt/corpora/sri_gabon/tdf/afc-gabon_16.06.17_087_conv_0801.tdf	cette famille c' est votre frère
/mnt/corpora/sri_gabon/tdf/afc-gabon_16.06.17_087_conv_0802.tdf	il est âgé de quel âge
/mnt/corpora/sri_gabon/tdf/afc-gabon_16.06.17_087_conv_0803.tdf	est-il euh dans cette maison avec ses enfants où il est tout seul
/mnt/corpora/sri_gabon/tdf/afc-gabon_16.06.17_087_conv_0805.tdf	il aimerait faire quoi où il fait quoi dans sa vie il est chômeur c' est vrai mais qu' est ce qu' il est en train de faire chômeur avec diplôme ou sans diplôme
/mnt/corpora/sri_gabon/tdf/afc-gabon_16.06.17_088_conv_0580.tdf	bonjour madame
/mnt/corpora/sri_gabon/tdf/afc-gabon_16.06.17_088_conv_0581.tdf	entrez
/mnt/corpora/sri_gabon/tdf/afc-gabon_16.06.17_088_conv_0582.tdf	euh bonjour
/mnt/corpora/sri_gabon/tdf/afc-gabon_16.06.17_088_conv_0584.tdf	oui madame
/mnt/corpora/sri_gabon/tdf/afc-gabon_16.06.17_088_conv_0586.tdf	euh
/mnt/corpora/sri_gabon/tdf/afc-gabon_16.06.17_088_conv_0599.tdf	oui madame
/mnt/corpora/sri_gabon/tdf/afc-gabon_16.06.17_088_conv_0601.tdf	au revoir
/mnt/corpora/sri_gabon/tdf/afc-gabon_16.06.17_088_conv_0603.tdf	ça va mon lieutenant
/mnt/corpora/sri_gabon/tdf/afc-gabon_16.06.17_089_conv_0560.tdf	oui dans cette maison nous sommes à à sept nous avons cinq gosses mon mari et moi
/mnt/corpora/sri_gabon/tdf/afc-gabon_16.06.17_089_conv_0561.tdf	nous avons cinq gosses un de seize ans un de douze ans un de neuf ans un de huit ans et un de quatre ans
/mnt/corpora/sri_gabon/tdf/afc-gabon_16.06.17_089_conv_0565.tdf	bonne journée
/mnt/corpora/sri_gabon/tdf/afc-gabon_16.06.17_090_conv_0912.tdf	bonjour
/mnt/corpora/sri_gabon/tdf/afc-gabon_16.06.17_090_conv_0913.tdf	comment allez-vous
/mnt/corpora/sri_gabon/tdf/afc-gabon_16.06.17_090_conv_0916.tdf	les enfants ont quel âge euh et quelle classe ils fréquentent
/mnt/corpora/sri_gabon/tdf/afc-gabon_16.06.17_090_conv_0917.tdf	quelle classe ils font s' il vous plait
/mnt/corpora/sri_gabon/tdf/afc-gabon_16.06.17_090_conv_0919.tdf	et vous vous travaillez où
/mnt/corpora/sri_gabon/tdf/afc-gabon_16.06.17_091_conv_0781.tdf	oui
/mnt/corpora/sri_gabon/tdf/afc-gabon_16.06.17_091_conv_0792.tdf	ça fait déjà trois ans
/mnt/corpora/sri_gabon/tdf/afc-gabon_16.06.17_091_conv_0793.tdf	euh je vis avec euh ma famille et ma belle-mère
/mnt/corpora/sri_gabon/tdf/afc-gabon_16.06.17_091_conv_0801.tdf	euh il est tout seul
/mnt/corpora/sri_gabon/tdf/afc-gabon_16.06.17_091_conv_0802.tdf	il est chômeur sans emploi
/mnt/corpora/sri_gabon/tdf/afc-gabon_16.06.17_091_conv_0804.tdf	euh il allait euh il allait à l' école pour ingénieur mais il n' a pas encore d' emploi
/mnt/corpora/sri_gabon/tdf/afc-gabon_16.06.17_092_conv_0955.tdf	merci
/mnt/corpora/sri_gabon/tdf/afc-gabon_16.06.17_092_conv_0958.tdf	donc je veux commencer par les questions basiques madame êtes-vous le chef de famille ici madame
/mnt/corpora/sri_gabon/tdf/afc-gabon_16.06.17_092_conv_0959.tdf	combien êtes-vous dans cette maison
/mnt/corpora/sri_gabon/tdf/afc-gabon_16.06.17_092_conv_0960.tdf	je peux savoir quels sont les membres de votre famille
/mnt/corpora/sri_gabon/tdf/afc-gabon_16.06.17_092_conv_0962.tdf	quels sont les âges s' il vous plait
/mnt/corpora/sri_gabon/tdf/afc-gabon_16.06.17_092_conv_0966.tdf	et vous êtes la seule à vous occuper de l' éducation des enfants madame
/mnt/corpora/sri_gabon/tdf/afc-gabon_16.06.17_092_conv_0967.tdf	quel emploi effectuez-vous
/mnt/corpora/sri_gabon/tdf/afc-gabon_16.06.17_092_conv_0970.tdf	et où est situé votre lieu de travail
/mnt/corpora/sri_gabon/tdf/afc-gabon_16.06.17_093_conv_0445.tdf	ah oui tu peux avoir l' eau l' eau contaminé
/mnt/corpora/sri_gabon/tdf/afc-gabon_16.06.17_093_conv_0447.tdf	bon je peux-tu vous poser une question bah quel âge avez vous vous avez quel âge vous avez trente sept ans vous avez combien des enfants
/mnt/corpora/sri_gabon/tdf/afc-gabon_16.06.17_093_conv_0449.tdf	si fait quoi
/mnt/corpora/sri_gabon/tdf/afc-gabon_16.06.17_094_conv_0618.tdf	bonjour madame moi je m' appelle sylvie
/mnt/corpora/sri_gabon/tdf/afc-gabon_16.06.17_094_conv_0621.tdf	pardon
/mnt/corpora/sri_gabon/tdf/afc-gabon_16.06.17_094_conv_0623.tdf	oui
/mnt/corpora/sri_gabon/tdf/afc-gabon_16.06.17_094_conv_0636.tdf	moi j' ai trente sept ans
/mnt/corpora/sri_gabon/tdf/afc-gabon_16.06.17_094_conv_0637.tdf	oui
/mnt/corpora/sri_gabon/tdf/afc-gabon_16.06.17_094_conv_0639.tdf	oui euh je suis célibataire
/mnt/corpora/sri_gabon/tdf/afc-gabon_16.06.17_095_conv_0587.tdf	oui oui j' ai j' ai une petite amie avec qui je suis on a gosse euh de trois ans on vit ensemble ici dans la maison
/mnt/corpora/sri_gabon/tdf/afc-gabon_16.06.17_096_conv_0930.tdf	bonjour
/mnt/corpora/sri_gabon/tdf/afc-gabon_16.06.17_096_conv_0931.tdf	euh oui oui je suis le chef de famille oui j' ai une femme oui j' ai quatre gosses oui j' ai soixante dix sept ans euh je vis avec euh ma petite-nièce euh quinze ans oui mes enfants sont scolarisés tous les quatre y compris ma petite-nièce merci pareillement bonne journée
/mnt/corpora/sri_gabon/tdf/afc-gabon_16.06.17_097_conv_0832.tdf	bien combien de combien de familles gérez-vous dans votre famille
/mnt/corpora/sri_gabon/tdf/afc-gabon_16.06.17_097_conv_0869.tdf	depuis ton retour à suis dans ton pays comment est-ce que tu vois les choses elles est sont toujours pareils comme quand tu étais en mission en centre-afrique
/mnt/corpora/sri_gabon/tdf/afc-gabon_16.06.17_098_conv_0820.tdf	trente deux ans
/mnt/corpora/sri_gabon/tdf/afc-gabon_16.06.17_098_conv_0829.tdf	je suis professeur euh à l' université
/mnt/corpora/sri_gabon/tdf/afc-gabon_16.06.17_098_conv_0836.tdf	bonjour monsieur
/mnt/corpora/sri_gabon/tdf/afc-gabon_16.06.17_098_conv_0841.tdf	le chef de famille
/mnt/corpora/sri_gabon/tdf/afc-gabon_16.06.17_098_conv_0858.tdf	 ffirmatif tout le monde se porte un peu bien c' est vrai c' est vrai c' est vrai que l' homme est un malade qui s' ignore mais on ne sait jamais sinon pour l' heure ça va
/mnt/corpora/sri_gabon/tdf/afc-gabon_16.06.17_098_conv_0861.tdf	à vous aussi
/mnt/corpora/sri_gabon/tdf/afc-gabon_16.06.20_100_conv_0518.tdf	non ma famille et moi vivons au cameroun
/mnt/corpora/sri_gabon/tdf/afc-gabon_16.06.20_100_conv_0519.tdf	nous sommes en ville dans la capitale politique yaoundé
/mnt/corpora/sri_gabon/tdf/afc-gabon_16.06.20_100_conv_0520.tdf	comme cours de spécialisation je suis logisticien des armées et un autre deuxième cours euh je suis journaliste militaire diplomé de l' institut de formation et de conservation du patrimoine audiovisuel du cameroun
/mnt/corpora/sri_gabon/tdf/afc-gabon_16.06.20_101_conv_1029.tdf	ok je serais prêt à vous écouter
/mnt/corpora/sri_gabon/tdf/afc-gabon_16.06.20_101_conv_1032.tdf	naturellement j' ai des femmes j' ai une femme j' ai un enfant et je pourrais même vous dire que je suis polygame
/mnt/corpora/sri_gabon/tdf/afc-gabon_16.06.20_101_conv_1046.tdf	bien sûr à moins que je je parle tout seul en disant tout simplement euh
/mnt/corpora/sri_gabon/tdf/afc-gabon_16.06.20_101_conv_1053.tdf	oui bon en plus que j' ai été guéri je suppose qu' il y a eu un traitement
/mnt/corpora/sri_gabon/tdf/afc-gabon_16.06.20_101_conv_1055.tdf	oui bon pour le traitement euh comme c' est déjà une maladie qui est déjà comme instauré dans notre vie parce que venant des moustiques bon tout ce que nous faisons nous trouvons d' abord il faut avoir un moustiquaire ce qui n' est pas évident pour tout le monde et maintenant une fois que tu as contracté la maladie il faudrait te rendre à l' hôpital on va vous faire des des des examens où alors maintenant nous a même plus le temps d' aller faire des examens on va directement à la pharmacie parce que on a déjà connu cette on connaît déjà la maladie donc il y a beaucoup de cures qu' il faut prendre le style de malacur euh cotexin voilà pour vous citer un peu les les noms des médicaments
/mnt/corpora/sri_gabon/tdf/afc-gabon_16.06.20_101_conv_1058.tdf	où alors beaucoup plus à l' heure du repas parce que au moins le repas il faut pas le rater
/mnt/corpora/sri_gabon/tdf/afc-gabon_16.06.20_102_conv_0126.tdf	pardonnez-moi mon camarade est malade
/mnt/corpora/sri_gabon/tdf/afc-gabon_16.06.20_102_conv_0128.tdf	mon ami était à l' école mais il est rentré avant l' heure
/mnt/corpora/sri_gabon/tdf/afc-gabon_16.06.20_102_conv_0129.tdf	oui mon ami il est à l' école
/mnt/corpora/sri_gabon/tdf/afc-gabon_16.06.20_102_conv_0130.tdf	mais euh zinédine zidane joue où maintenant
/mnt/corpora/sri_gabon/tdf/afc-gabon_16.06.20_102_conv_0133.tdf	j' irai à douala d' ici quinze heures
/mnt/corpora/sri_gabon/tdf/afc-gabon_16.06.20_102_conv_0134.tdf	j' irai dans la ville capitale dans une heure
/mnt/corpora/sri_gabon/tdf/afc-gabon_16.06.20_102_conv_0136.tdf	j' aime les américains
/mnt/corpora/sri_gabon/tdf/afc-gabon_16.06.20_102_conv_0137.tdf	central accord est un exercice multinational
/mnt/corpora/sri_gabon/tdf/afc-gabon_16.06.20_102_conv_0138.tdf	central accord est un est un exercice multinational militaire
/mnt/corpora/sri_gabon/tdf/afc-gabon_16.06.20_102_conv_0139.tdf	boko haram dérange l' armée camerounaise
/mnt/corpora/sri_gabon/tdf/afc-gabon_16.06.20_102_conv_0140.tdf	le terrorisme dérange le monde
/mnt/corpora/sri_gabon/tdf/afc-gabon_16.06.20_103_conv_0532.tdf	oui qu' est-ce que vous voulez
/mnt/corpora/sri_gabon/tdf/afc-gabon_16.06.20_103_conv_0534.tdf	d' où venez-vous
/mnt/corpora/sri_gabon/tdf/afc-gabon_16.06.20_103_conv_0536.tdf	depuis quand votre ami est-il malade
/mnt/corpora/sri_gabon/tdf/afc-gabon_16.06.20_103_conv_0537.tdf	il a de la fièvre depuis trente six heures
/mnt/corpora/sri_gabon/tdf/afc-gabon_16.06.20_103_conv_0538.tdf	avez-vous un véhicule
/mnt/corpora/sri_gabon/tdf/afc-gabon_16.06.20_103_conv_0540.tdf	c' est prudent d' aller voir un médecin
/mnt/corpora/sri_gabon/tdf/afc-gabon_16.06.20_103_conv_0541.tdf	d' accord mais je ne connais pas cet endroit
/mnt/corpora/sri_gabon/tdf/afc-gabon_16.06.20_103_conv_0542.tdf	alors vous devez aller par l' église là-bas
/mnt/corpora/sri_gabon/tdf/afc-gabon_16.06.20_103_conv_0544.tdf	il y a une pharmacie un kilomètre plus loin sur cette route
/mnt/corpora/sri_gabon/tdf/afc-gabon_16.06.20_103_conv_0545.tdf	croyez-vous qu' il y a un docteur ou une infirmière
/mnt/corpora/sri_gabon/tdf/afc-gabon_16.06.20_103_conv_0546.tdf	la pharmacienne est aussi médecin
/mnt/corpora/sri_gabon/tdf/afc-gabon_16.06.20_103_conv_0547.tdf	bon on va tout de suite
/mnt/corpora/sri_gabon/tdf/afc-gabon_16.06.20_103_conv_0549.tdf	c' est à droite où à gauche
/mnt/corpora/sri_gabon/tdf/afc-gabon_16.06.20_103_conv_0552.tdf	euh je vous en prie
/mnt/corpora/sri_gabon/tdf/afc-gabon_16.06.20_103_conv_0557.tdf	trois autres soldats viennent de me rejoindre ici
/mnt/corpora/sri_gabon/tdf/afc-gabon_16.06.20_103_conv_0558.tdf	quand est-ce qu' ils vont arriver
/mnt/corpora/sri_gabon/tdf/afc-gabon_16.06.20_103_conv_0560.tdf	très bien vous allez rester ici une semaine
/mnt/corpora/sri_gabon/tdf/afc-gabon_16.06.20_103_conv_0561.tdf	notre mission durera trois semaines monsieur
/mnt/corpora/sri_gabon/tdf/afc-gabon_16.06.20_103_conv_0564.tdf	vous allez dormir ici n' est-ce pas
/mnt/corpora/sri_gabon/tdf/afc-gabon_16.06.20_103_conv_0565.tdf	oui s' il vous plaît
/mnt/corpora/sri_gabon/tdf/afc-gabon_16.06.20_103_conv_0566.tdf	et vous allez dîner avec nous aussi
/mnt/corpora/sri_gabon/tdf/afc-gabon_16.06.20_103_conv_0567.tdf	oui si c' est possible
/mnt/corpora/sri_gabon/tdf/afc-gabon_16.06.20_103_conv_0568.tdf	bien il n' y a pas de problème
/mnt/corpora/sri_gabon/tdf/afc-gabon_16.06.20_103_conv_0572.tdf	on attend vingt deux étudiants
/mnt/corpora/sri_gabon/tdf/afc-gabon_16.06.20_103_conv_0573.tdf	est-ce qu' ils sont tous des soldats
/mnt/corpora/sri_gabon/tdf/afc-gabon_16.06.20_103_conv_0574.tdf	non il y aura huit civils
/mnt/corpora/sri_gabon/tdf/afc-gabon_16.06.20_103_conv_0575.tdf	huit civils et quatorze militaires allo
/mnt/corpora/sri_gabon/tdf/afc-gabon_16.06.20_103_conv_0576.tdf	voulez-voir le salon d' instruction
/mnt/corpora/sri_gabon/tdf/afc-gabon_16.06.20_103_conv_0577.tdf	je dois téléphoner à mon chef
/mnt/corpora/sri_gabon/tdf/afc-gabon_16.06.20_103_conv_0579.tdf	merci je reviens en dix minutes
/mnt/corpora/sri_gabon/tdf/afc-gabon_16.06.20_104_conv_1101.tdf	très bien et depuis combien d' années elle vit avec vous euh
/mnt/corpora/sri_gabon/tdf/afc-gabon_16.06.20_104_conv_1103.tdf	très bien et quel est le niveau d' étude de votre premier enfant
/mnt/corpora/sri_gabon/tdf/afc-gabon_16.06.20_105_conv_0939.tdf	bonjour madame oui je vous en pris veuillez prendre place
/mnt/corpora/sri_gabon/tdf/afc-gabon_16.06.20_105_conv_0944.tdf	effectivement effectivement oui ma mère vit avec moi
/mnt/corpora/sri_gabon/tdf/afc-gabon_16.06.20_105_conv_0948.tdf	il a dix ans il vient de prendre ses dix ans
/mnt/corpora/sri_gabon/tdf/afc-gabon_16.06.20_105_conv_0950.tdf	oui ils ne manquent de rien j' arrive à à m' occuper d' eux parce que déjà j' ai un emploi je suis euh
/mnt/corpora/sri_gabon/tdf/afc-gabon_16.06.20_105_conv_0951.tdf	euh je suis déjà je suis assistante je suis infirmière assistante dans une structure sanitaire de la place
/mnt/corpora/sri_gabon/tdf/afc-gabon_16.06.20_105_conv_0953.tdf	euh il y a trois chambres
/mnt/corpora/sri_gabon/tdf/afc-gabon_16.06.20_105_conv_0956.tdf	je vous remercie madame pour votre visite euh merci beaucoup pour pour
/mnt/corpora/sri_gabon/tdf/afc-gabon_16.06.20_105_conv_0961.tdf	oui je suis née à libreville exactement
/mnt/corpora/sri_gabon/tdf/afc-gabon_16.06.20_105_conv_0966.tdf	euh j' ai déjà souffert d' une infection pulmonaire
/mnt/corpora/sri_gabon/tdf/afc-gabon_16.06.20_106_conv_0603.tdf	euh bonjour madame moi c' est monsieur kumba je suis marié euh j' ai quatre enfants deux filles deux garçons je nous sommes à à six mes quatres enfants et ma femme j' ai trente deux ans j' ai trente deux ans ma première fille a sept ans et le deuxième quatre ans bof je vis dans ma maison au sud avec ma famille j' ai un niveau d' étude euh universitaire bac plus quatre euh
/mnt/corpora/sri_gabon/tdf/afc-gabon_16.06.20_106_conv_0607.tdf	euh avant mon poste de directeur général des finances j' ai d' abord occupé le poste de secrétaire général ensuite directeur général
/mnt/corpora/sri_gabon/tdf/afc-gabon_16.06.20_108_conv_0684.tdf	bonjour monsieur
/mnt/corpora/sri_gabon/tdf/afc-gabon_16.06.20_108_conv_0685.tdf	bienvenue parmi nous
/mnt/corpora/sri_gabon/tdf/afc-gabon_16.06.20_108_conv_0686.tdf	que puis-je faire pour vous s' il vous plait
/mnt/corpora/sri_gabon/tdf/afc-gabon_16.06.20_108_conv_0687.tdf	oui je vous écoute
/mnt/corpora/sri_gabon/tdf/afc-gabon_16.06.20_108_conv_0690.tdf	merci de te revoir ça va la vie ça va très bien sauf seulement que certains en temps j' ai aujourd' hui deux enfants et euh euh le sport euh qu' on faisait avant le rugby le football je ne sais pas si tu pratiques encore le football
/mnt/corpora/sri_gabon/tdf/afc-gabon_16.06.20_108_conv_0691.tdf	ah ok mais sinon à part ça que fais-tu maintenant dans la vie
/mnt/corpora/sri_gabon/tdf/afc-gabon_16.06.20_108_conv_0695.tdf	c' est pourquoi tu as eu beaucoup des enfants je je me souviens de ton premier tu n' étais qu' en cinquième
/mnt/corpora/sri_gabon/tdf/afc-gabon_16.06.20_108_conv_0698.tdf	ah ça moi je veux bien j' ai adopté euh j' ai un chat et le chat il a mis bas il y a beaucoup de petits chatons très beaux dans ma maison si tu veux je peux t' en donner hein
/mnt/corpora/sri_gabon/tdf/afc-gabon_16.06.20_108_conv_0699.tdf	mais j' aimerais que tu viennes me voir je suis sûr que ta madame est passionnée de fleurs j' ai tout un jardin que j' ai planté devant ma terrasse il y a des très très très belles fleurs donc euh si elle vient voir si ça va
/mnt/corpora/sri_gabon/tdf/afc-gabon_16.06.20_108_conv_0700.tdf	j' habite angondjé et à la première cité et là-bas chez moi devant chez-moi il y a un gros chien hein donc euh avant de venir vraiment il faut m' aviser
/mnt/corpora/sri_gabon/tdf/afc-gabon_16.06.20_109_conv_0624.tdf	bonjour monsieur
/mnt/corpora/sri_gabon/tdf/afc-gabon_16.06.20_109_conv_0625.tdf	euh oui je suis très heureux d' être euh avec vous
/mnt/corpora/sri_gabon/tdf/afc-gabon_16.06.20_109_conv_0626.tdf	euh j' ai besoin de un renseignement
/mnt/corpora/sri_gabon/tdf/afc-gabon_16.06.20_109_conv_0627.tdf	euh j' ai besoin euh de savoir comment euh se passe le journalisme
/mnt/corpora/sri_gabon/tdf/afc-gabon_16.06.20_109_conv_0628.tdf	ok d' accord et est-ce que il y a un âge pour faire du journalisme
/mnt/corpora/sri_gabon/tdf/afc-gabon_16.06.20_109_conv_0629.tdf	ok d' accord merci je vous remercie beaucoup
/mnt/corpora/sri_gabon/tdf/afc-gabon_16.06.20_109_conv_0631.tdf	ah oui oui oui le football je le pratique toujours et moi aussi je suis é- é- également euh père de deux enfants et avec une femme et tout et tout va bien et madame elle va très bien et les enfants pareils ça va très bien
/mnt/corpora/sri_gabon/tdf/afc-gabon_16.06.20_109_conv_0632.tdf	euh dans la vie euh je suis un enseignant euh et je suis un enseignant au primaire
/mnt/corpora/sri_gabon/tdf/afc-gabon_16.06.20_109_conv_0633.tdf	ah le football je le pratique toujours toujours chaque weekend euh je je le pratique chaque weekend
/mnt/corpora/sri_gabon/tdf/afc-gabon_16.06.20_109_conv_0640.tdf	ah oui oui oui j' aimerais bien j' aimerais bien aussi avoir un un chat comme un animal de compagnie
/mnt/corpora/sri_gabon/tdf/afc-gabon_16.06.20_109_conv_0641.tdf	ok d' accord euh nous passons chez toi euh samedi prochain non mais euh il suffit juste il suffit juste que je que tu me dises euh d' où tu habites et puis euh on passera chez toi
/mnt/corpora/sri_gabon/tdf/afc-gabon_16.06.21_110_conv_0753.tdf	la manoeuvre les américains
/mnt/corpora/sri_gabon/tdf/afc-gabon_16.06.21_113_conv_1016.tdf	bon sur le plan euh traditionnel il y a beaucoup plus au gabon euh il y a laurianne ekondo safit il y a pierre claver akendengué se sont mes trois artistes préférés dans la musique culturelle maintenant dans la musique moderne particulièrement le hip-hop il y a le sexion d' assaut si vous connaissez euh dans le sexion d' assaut comme c' est une division il y a l' artiste qu' on appelle particulièrement maitre gims voilà lui aussi j' aime bien euh oui
/mnt/corpora/sri_gabon/tdf/afc-gabon_16.06.22_114_conv_0826.tdf	je suis caporal des forces armées gabonaise
/mnt/corpora/sri_gabon/tdf/afc-gabon_16.06.22_114_conv_0827.tdf	je suis militaire ça me fait deux ans je suis militaire
/mnt/corpora/sri_gabon/tdf/afc-gabon_16.06.22_114_conv_0828.tdf	j' étais dans une société à la smag
/mnt/corpora/sri_gabon/tdf/afc-gabon_16.06.22_114_conv_0830.tdf	ben bien sûre oui j' étais instruit par un centre un centre de formation basile ondimba pour avoir ma spécialité de peintre bâtiment
/mnt/corpora/sri_gabon/tdf/afc-gabon_16.06.22_114_conv_0831.tdf	la formation a durée pratiquement deux ans
/mnt/corpora/sri_gabon/tdf/afc-gabon_16.06.22_114_conv_0835.tdf	j' ai voulu être au service de la nation depuis l' année deux mille dix
/mnt/corpora/sri_gabon/tdf/afc-gabon_16.06.22_114_conv_0836.tdf	oui bien sûre de la concurence au niveau de c' est pas seulement le génie mais c' est partout dans tous les corps il y a de la concurence il peuve avoir la dé- dépôts de dossier on peut avoir il peuve avoir huit cent dossiers mais sur les huit cent il vont prendre que cinq cent dossiers qui seront affectés le reste sera refoulé
/mnt/corpora/sri_gabon/tdf/afc-gabon_16.06.22_117_conv_0344.tdf	bien reçu j' ai écouté ce que vous avez à dire je répète ma phrase je voudrais bien savoir comment vous trouvez le gabon
/mnt/corpora/sri_gabon/tdf/afc-gabon_16.06.22_117_conv_0350.tdf	je répète comment trouvez-vous le climat du gabon par rapport aux états-unis
/mnt/corpora/sri_gabon/tdf/afc-gabon_16.06.22_117_conv_0356.tdf	de quel système s' agit-il
/mnt/corpora/sri_gabon/tdf/afc-gabon_16.06.22_117_conv_0358.tdf	je me répète de quel système s' agit-il
/mnt/corpora/sri_gabon/tdf/afc-gabon_16.06.22_117_conv_0360.tdf	je voulais savoir voulez-vous demander au commandement pourquoi la mission de cette manoeuvre euh en territoire gabonais pourquoi ils n' ont pas partagé à tout le monde qui cause français ce genre d' appareil pour pouvoir se communiquer
/mnt/corpora/sri_gabon/tdf/afc-gabon_16.06.22_117_conv_0365.tdf	ont veut bien communiquer avec les femelles américaines mais nous ne savons pas comment
/mnt/corpora/sri_gabon/tdf/afc-gabon_16.06.22_117_conv_0370.tdf	mais sans cet appareil-là comment on peut faire
/mnt/corpora/sri_gabon/tdf/afc-gabon_16.06.22_117_conv_0371.tdf	nous voulons savoir l' âge du commandement
/mnt/corpora/sri_gabon/tdf/afc-gabon_16.06.22_124_conv_0755.tdf	bonjour monsieur comment allez-vous
/mnt/corpora/sri_gabon/tdf/afc-gabon_16.06.22_124_conv_0756.tdf	je pense que vous êtes militaire depuis longtemps
/mnt/corpora/sri_gabon/tdf/afc-gabon_16.06.22_124_conv_0774.tdf	vous avez le manganèse
/mnt/corpora/sri_gabon/tdf/afc-gabon_16.06.22_124_conv_0779.tdf	on a le poisson
/mnt/corpora/sri_gabon/tdf/afc-gabon_16.06.22_124_conv_0783.tdf	une seule
/mnt/corpora/sri_gabon/tdf/afc-gabon_16.06.11_001_conv_0021.tdf	bonjour monsieur
/mnt/corpora/sri_gabon/tdf/afc-gabon_16.06.11_001_conv_0022.tdf	euh je m' appelle docteur euh abakar je suis l' assistant du docteur frank que puis-je faire pour vous
/mnt/corpora/sri_gabon/tdf/afc-gabon_16.06.11_001_conv_0023.tdf	depuis quand avez vous euh eu cette blessure
/mnt/corpora/sri_gabon/tdf/afc-gabon_16.06.11_001_conv_0024.tdf	avez-vous le nom de l' anti-inflammatoire que vous avez pris pour la blessure
/mnt/corpora/sri_gabon/tdf/afc-gabon_16.06.11_001_conv_0026.tdf	ok euh essayez d' avancer je vais voir la blessure
/mnt/corpora/sri_gabon/tdf/afc-gabon_16.06.11_001_conv_0027.tdf	est-ce qu' avez-vous euh vu un médecin à l' immédiat
/mnt/corpora/sri_gabon/tdf/afc-gabon_16.06.11_001_conv_0028.tdf	mais c' est très dangeureux monsieur euh pour ce genre de blessure vous devez prendre euh des des des des précautions d' aller trop vite auprès d' un médecin pouvoir vous prescrire des médicaments ou soit euh vous examiner au plus vite sinon ça va être dangeureux pour votre santé
/mnt/corpora/sri_gabon/tdf/afc-gabon_16.06.11_001_conv_0029.tdf	ok je vais vous je vais essayer de vous euh prescrire euh une radio d' aller au niveau de la radio euh on verra plus tard ce qui va se passer
/mnt/corpora/sri_gabon/tdf/afc-gabon_16.06.12_024_conv_0122.tdf	tout le plaisir est pour moi j' y serai d' ici ce soir
/mnt/corpora/sri_gabon/tdf/afc-gabon_16.06.12_026_conv_0229.tdf	s' il vous plait pouvez-vous m' accorder un peu de temps libre
/mnt/corpora/sri_gabon/tdf/afc-gabon_16.06.12_026_conv_0231.tdf	alors nous allons commencer par là
/mnt/corpora/sri_gabon/tdf/afc-gabon_16.06.12_026_conv_0234.tdf	les âges de ses enfants s' il vous plait
/mnt/corpora/sri_gabon/tdf/afc-gabon_16.06.12_026_conv_0237.tdf	ils fréquentent
/mnt/corpora/sri_gabon/tdf/afc-gabon_16.06.12_026_conv_0241.tdf	ils travaillent
/mnt/corpora/sri_gabon/tdf/afc-gabon_16.06.12_026_conv_0244.tdf	vous êtes marié
/mnt/corpora/sri_gabon/tdf/afc-gabon_16.06.12_026_conv_0245.tdf	ok madame bon alors euh euh j' aimerais que vous puissiez me dire quelles sont les difficultés que vous rencontrez au quotidien
/mnt/corpora/sri_gabon/tdf/afc-gabon_16.06.12_026_conv_0247.tdf	et vous devez le faire vous le savez
/mnt/corpora/sri_gabon/tdf/afc-gabon_16.06.15_058_conv_0435.tdf	ma mère elle est vili myènè oui oui
/mnt/corpora/sri_gabon/tdf/afc-gabon_16.06.15_058_conv_0443.tdf	oui je suis marié oui oui je suis marié c' est euh je me suis marié le vingt huit novembre deux mille quinze ah ouais bientôt un an euh j' attend un bébé ouais il a à peine quatre mois j' ai déjà choisi le prénom on va l' appeler eliféf ouais c' est mon premier bébé ouais
/mnt/corpora/sri_gabon/tdf/afc-gabon_16.06.20_099_conv_0902.tdf	je ne suis pas médecin c' est l' hôpital quand nous sommes malade on va dans dans un hôpital rencontrer un médecin on fait un diagnostic et on a nos médicaments et on boit après c' est bon
